FileName,MedianDiffusion,StandardError
tracked_Traj_Em2.nd2_crop,0.01031964782678755,0.0012071983166263866
tracked_Traj_Em001.nd2_crop,0.015145052497956753,0.0029337008381618043
