Scenario,CrossingTime_s,InitialCorrelation,DecayRate
Pure Brownian,0.1127584028869327,0.0003549817916461773,-6.155183561685813
Persistent Motion,,0.9768238874363513,0.18515030992518544
Confined Motion,,-0.010692950488557371,
Oscillatory Motion,2.4995155080356044,0.43976183403382985,0.10410035762346997
Correlated Motion,,0.9737765558372048,0.13513300243059645
