Test,Statistic,P_value,Significant
Mann-Whitney U,4277315.0,1.8758821719055626e-33,True
Kolmogorov-Smirnov,0.21712920189430257,1.7861742146700235e-34,True
