test,stat,p,sig
Levene_overall,2.6438015807533244,0.05165072949077535,ns
BrownForsythe_overall,1.7173756969624,0.16620575862506404,ns
Bartlett_overall,8.87112220503087,0.03105438065475798,*
KruskalWallis_overall,1.2790820923065154,0.7341061320677156,ns
Spearman_trend_SD,-0.7999999999999999,0.2000000000000001,ns
Spearman_trend_CV,0.0,1.0,ns
