Test,Statistic,P_value,Significant
Mann-Whitney U,3526536.0,1.83275956746638e-08,True
Kolmogorov-Smirnov,0.08604648766234192,4.3995443759586626e-07,True
