movie,pixel_um,dt,n_frames,tracking_D,imsd_D,imsd_w0,imsd_r2,dmap_median_D,n_valid_tiles,nb_median_B,nb_median_N
Em.nd2_crop,0.094000,0.100000,300,,-0.015026,0.513562,0.688167,0.084319,160,33.165752,1.383913
Em002.nd2_crop,0.094000,0.100000,300,,0.003504,0.406271,0.465541,0.037093,157,41.768532,1.288979
Em003.nd2_crop,0.094000,0.100000,300,,-0.011254,0.491954,0.560166,0.074456,129,9.644999,3.047758
Em004.nd2_crop,0.094000,0.100000,300,,0.075070,0.000000,0.680408,0.063694,153,11.078177,2.718770
Em1.nd2_crop,0.094000,0.100000,300,,0.005666,0.369077,0.785443,0.059852,145,12.023474,2.540577
Em4.nd2_crop,0.094000,0.100000,300,,-0.005751,0.492472,0.138741,0.094010,151,10.571697,2.605085
Em5.nd2_crop,0.094000,0.100000,300,,-0.008335,0.477046,0.554179,0.080253,168,13.650640,2.150610
Em6.nd2_crop,0.094000,0.100000,300,,-0.006286,0.471452,0.409954,0.051381,165,35.901211,1.259801
Em7.nd2_crop,0.094000,0.100000,300,,-0.008402,0.446038,0.609834,0.063061,163,23.880074,1.620810
