movie,pixel_um,dt,n_frames,tracking_D,imsd_D,imsd_w0,imsd_r2,dmap_median_D,n_valid_tiles,nb_median_B,nb_median_N
Em.nd2_crop,0.094000,0.100000,300,,-0.015014,0.513430,0.688266,0.106064,138,31.529259,1.389052
Em002.nd2_crop,0.094000,0.100000,300,,0.003568,0.405848,0.475689,0.040070,143,40.107044,1.292650
Em003.nd2_crop,0.094000,0.100000,300,,-0.011199,0.491825,0.557587,0.108524,120,9.202839,3.057334
Em004.nd2_crop,0.094000,0.100000,300,,0.074950,0.000000,0.679810,0.068824,141,10.621944,2.718602
Em1.nd2_crop,0.094000,0.100000,300,,0.005673,0.368850,0.786144,0.064309,132,11.749504,2.548043
Em4.nd2_crop,0.094000,0.100000,300,,-0.005768,0.492743,0.139412,0.146939,125,10.037155,2.618017
Em5.nd2_crop,0.094000,0.100000,300,,-0.008356,0.477195,0.554670,0.119323,155,13.179255,2.156195
Em6.nd2_crop,0.094000,0.100000,300,,-0.006298,0.471376,0.411390,0.055038,143,34.511627,1.262580
Em7.nd2_crop,0.094000,0.100000,300,,-0.008405,0.446142,0.610101,0.075834,133,22.834156,1.626726
