movie,pixel_um,dt,n_frames,tracking_D,imsd_D,imsd_w0,imsd_r2,dmap_median_D,n_valid_tiles,nb_median_B,nb_median_N
Em.nd2_crop,0.094000,0.100000,300,,0.005633,0.637333,0.030073,0.072217,155,33.165752,1.383913
Em002.nd2_crop,0.094000,0.100000,300,,0.000610,0.499530,0.003639,0.011719,160,41.768532,1.288979
Em003.nd2_crop,0.094000,0.100000,300,,0.030909,0.549084,0.675295,0.075025,137,9.644999,3.047758
Em004.nd2_crop,0.094000,0.100000,300,,0.043636,0.328429,0.793626,0.050985,189,11.078177,2.718770
Em1.nd2_crop,0.094000,0.100000,300,,0.006914,0.460415,0.387979,0.042677,151,12.023474,2.540577
Em4.nd2_crop,0.094000,0.100000,300,,0.008315,0.623120,0.068784,0.064909,145,10.571697,2.605085
Em5.nd2_crop,0.094000,0.100000,300,,-0.002740,0.599746,0.012139,0.075102,171,13.650640,2.150610
Em6.nd2_crop,0.094000,0.100000,300,,-0.003556,0.580073,0.027169,0.034626,151,35.901211,1.259801
Em7.nd2_crop,0.094000,0.100000,300,,-0.015322,0.576857,0.390774,0.037367,151,23.880074,1.620810
