FileName,MedianDiffusion,StandardError
tracked_Traj_Em001.nd2_crop,0.005643768894991268,0.0009730004725331619
tracked_Traj_Em2.nd2_crop,0.005991443719911333,0.0006957263463877988
