embryo,overall_cv,MeanD_part5,CV_part5,N_part5,MeanD_part10,CV_part10,N_part10,MeanD_part15,CV_part15,N_part15,MeanD_part20,CV_part20,N_part20
Em1_NC10,0.28489882139510897,0.017886905690687877,2.048479733167564,3588.0,0.016654320898834785,1.4655720864443353,1678.0,0.011405955348994632,1.6322470206734365,790.0,0.008370262433331862,1.756656875162604,481.0
Em2_NC10001,0.39435128401160513,0.014283745759269127,2.157602444777871,5046.0,0.014005071369289695,1.601376704795951,2351.0,0.007510311035277388,1.6899320426078306,1073.0,0.0050527896132330635,1.7767317573137444,650.0
Em3_NC10002,0.2873411289052432,0.011711209909900107,2.1402641380642935,4733.0,0.010979993141834099,1.6203324407098212,2178.0,0.0075119501860512585,1.5766761092031172,1006.0,0.0054285718891336765,1.3637026404868358,565.0
Em4_NC10003,0.3598896066075195,0.016961303800824716,1.9639891114712995,3738.0,0.01681310730793662,1.44971692850119,1740.0,0.009968288366715516,1.522840646325359,759.0,0.006445689972925954,1.612572883117464,441.0
